PartNo;ModelDescription
A160;Mercedes-Benz A-Klasse A160
A160CDI;Mercedes-Benz A-Klasse A160CDI
A160CDI;Mercedes-Benz A-Klasse A160D
A180;Mercedes-Benz A-Klasse A180
A180 AMG;Mercedes-Benz A-Klasse A180 AMG Edition
A180 AMGP;Mercedes-Benz A-Klasse A180 AMG Edition Plus
A180CDI;Mercedes-Benz A-Klasse A180CDI
A180D;Mercedes-Benz A-Klasse A180D
A200;Mercedes-Benz A-Klasse A200
A200CDI;Mercedes-Benz A-Klasse A200D
A200 AMG;Mercedes-Benz A-Klasse A200 AMG Edition
A200 AMGP;Mercedes-Benz A-Klasse A200 AMG Edition Plus
A200 AMG;Mercedes-Benz A-Klasse A200 AMG
A200 AMGP;Mercedes-Benz A-Klasse A200 AMGP
A200 PRO;Mercedes-Benz A-Klasse A200 PRO
A200 PROP;Mercedes-Benz A-Klasse A200 PROP
A200 SE;Mercedes-Benz A-Klasse A200 Sedan
A200CDI;Mercedes-Benz A-Klasse A200CDI
A200CDI 4M;Mercedes-Benz A-Klasse A200CDI 4M
A200CDI 4M;Mercedes-Benz A-Klasse A200CDI 4MATIC
A220 4M;Mercedes-Benz A-Klasse A220 4M
A220 4M;Mercedes-Benz A-Klasse A220 4MATIC
A220CDI 4M;Mercedes-Benz A-Klasse A220D 4M 
A220CDI;Mercedes-Benz A-Klasse A220CDI
A220CDI 4M;Mercedes-Benz A-Klasse A220CDI 4M
A250;Mercedes-Benz A-Klasse A250
A250 4M;Mercedes-Benz A-Klasse A250 4Matic
A250 4M;Mercedes-Benz A-Klasse A250 4M
A250 SPORT 4M;Mercedes-Benz A-Klasse A250 SPORT 4Matic
A250 SPORT 4M;Mercedes-Benz A-Klasse A250 SPORT 4M
A45AMG;Mercedes-Benz A-Klasse A45AMG
AMG A35 4M;Mercedes-Benz A-Klasse AMG A35 4M
AMG GT;Mercedes-Benz AMG GT AMG GT
AMG GT 43;Mercedes-Benz AMG AMG GT 43 4MATIC+
AMG GT 53;Mercedes-Benz AMG AMG GT 53 4MATIC+
AMG GT 63;Mercedes-Benz AMG AMG GT 63 4MATIC+
AMG GT 63 S;Mercedes-Benz AMG AMG GT 63 S 4MATIC+
AMG GT C;Mercedes-Benz AMG GT AMG GT C
AMG GT C C;Mercedes-Benz AMG AMG GT C Coupe
AMG GT R;Mercedes-Benz AMG GT AMG GT R
AMG GT ROAD;Mercedes-Benz AMG GT AMG GT ROAD
AMG GT S;Mercedes-Benz AMG GT AMG GT S
